epoch,train_loss,val_loss,val_MAE,val_RMSE,lr,seconds,is_best,best_epoch,stale_epochs
1,11.397589683532715,14.173056602478027,20.935724623074275,36.15917345259083,0.0005000000237487257,36.4,False,,0
2,8.920342445373535,12.418513298034668,17.389468911781897,29.696985028049212,0.0005000000237487257,34.4,True,2.0,0
3,8.434222221374512,13.042012214660645,17.830589287298555,31.383284168759342,0.0005000000237487257,35.1,True,3.0,0
4,10.279287338256836,13.000225067138672,17.60319261570015,30.07617385435579,0.0005000000237487257,40.3,False,3.0,1
5,13.8879976272583,12.657470703125,17.472426167439046,30.34959623812098,0.0005000000237487257,40.1,False,3.0,2
6,7.740241527557373,14.50529956817627,20.371217989364144,34.26203226546726,0.0005000000237487257,39.3,False,3.0,3
7,9.097620964050293,14.09605884552002,19.232663145301018,33.06774758744307,0.0005000000237487257,41.2,False,3.0,4
8,9.941143989562988,14.6720609664917,19.764018613398672,33.99827272715768,0.0002500000118743628,40.9,False,3.0,5
9,8.674641609191895,14.319257736206055,19.670285166687542,33.94322057477225,0.0002500000118743628,40.0,False,3.0,6
10,7.851860046386719,14.727560043334961,19.879962545533775,34.91203153247864,0.0002500000118743628,36.0,False,3.0,7
11,7.909971714019775,14.23295783996582,19.305758293931614,33.72539196958286,0.0002500000118743628,35.9,False,3.0,8
12,9.482474327087402,13.967389106750488,18.865462728843102,33.27476176598162,0.0002500000118743628,36.0,False,3.0,9
